{"flutter":{"platforms":{"android":{"default":{"projectId":"funight-383f9","appId":"1:26861052783:android:74151227f40f5b80d17e9a","fileOutput":"android/app/google-services.json"}},"ios":{"default":{"projectId":"funight-383f9","appId":"1:26861052783:ios:0c75c229507fd389d17e9a","uploadDebugSymbols":false,"fileOutput":"ios/Runner/GoogleService-Info.plist"}},"macos":{"default":{"projectId":"funight-383f9","appId":"1:26861052783:ios:0c75c229507fd389d17e9a","uploadDebugSymbols":false,"fileOutput":"macos/Runner/GoogleService-Info.plist"}},"dart":{"lib/firebase_options.dart":{"projectId":"funight-383f9","configurations":{"android":"1:26861052783:android:74151227f40f5b80d17e9a","ios":"1:26861052783:ios:0c75c229507fd389d17e9a","macos":"1:26861052783:ios:0c75c229507fd389d17e9a","web":"1:26861052783:web:ccc6ada378f3c517d17e9a","windows":"1:26861052783:web:6d463c65e94fd66dd17e9a"}}}}}}