{
  "project_info": {
    "project_number": "26861052783",
    "project_id": "funight-383f9",
    "storage_bucket": "funight-383f9.firebasestorage.app"
  },
  "client": [
    {
      "client_info": {
        "mobilesdk_app_id": "1:26861052783:android:74151227f40f5b80d17e9a",
        "android_client_info": {
          "package_name": "com.example.frontend"
        }
      },
      "oauth_client": [
        {
          "client_id": "26861052783-ne042dj1g1rjjhehs3tsh15crj8b7b7b.apps.googleusercontent.com",
          "client_type": 3
        }
      ],
      "api_key": [
        {
          "current_key": "AIzaSyAZSjlQv4bZeATkENgGYpptsqWBwZXpu5Q"
        }
      ],
      "services": {
        "appinvite_service": {
          "other_platform_oauth_client": [
            {
              "client_id": "26861052783-ne042dj1g1rjjhehs3tsh15crj8b7b7b.apps.googleusercontent.com",
              "client_type": 3
            },
            {
              "client_id": "26861052783-5pau8mqinnklpf82jhm94ukf0r1g3q8a.apps.googleusercontent.com",
              "client_type": 2,
              "ios_info": {
                "bundle_id": "com.example.frontend"
              }
            }
          ]
        }
      }
    }
  ],
  "configuration_version": "1"
}